# University Ranking Results - www.universityrankings.ch
# Ranking: QS
# Year: 2016
# Region: Europe
#
 #    World Rank                   ,  Institution                   ,  Country                       
   3  ,  University of Cambridge  , UK    
   6  ,  University of Oxford  , UK    
   7  ,  University College London  , UK    
   8  ,  Imperial College London  , UK    
   9  ,  Swiss Federal Institute of Technology Zurich - ETHZ  , Switzerland    
   14  ,  Swiss Federal Institute of Technology Lausanne - EPFL  , Switzerland    
   19  ,  King&rsquo;s College London  , UK    
   21  ,  University of Edinburgh  , UK    
   23  ,  Ecole Normale Supérieure de Paris  , France    
   33  ,  University of Manchester  , UK    
   35  ,  London School of Economics  , UK    
   37  ,  University of Bristol  , UK    
   40  ,  Ecole Polytechnique  , France    
   48  ,  University of Warwick  , UK    
   55  ,  University of Amsterdam  , Netherlands    
   60  ,  Technical University of München  , Germany    
   61  ,  University of Durham  , UK    
   62  ,  University of Glasgow  , UK    
   64  ,  Delft University of Technology  , Netherlands    
   66  ,  University of Heidelberg  , Germany    
   68  ,  University of St. Andrews  , UK    
   69  ,  University of Copenhagen  , Denmark    
   70  ,  Lund University  , Sweden    
   70  ,  University of Nottingham  , UK    
   75  ,  University of München  , Germany    
   76  ,  University of Birmingham  , UK    
   78  ,  Trinity College Dublin  , Ireland    
   80  ,  University of Sheffield  , UK    
   81  ,  University of Southampton  , UK    
   82  ,  Catholic University of Leuven  , Belgium    
   85  ,  University of Zurich  , Switzerland    
   87  ,  University of Leeds  , UK    
   89  ,  University of Geneva  , Switzerland    
   92  ,  KTH - Royal Institute of Technology  , Sweden    
   93  ,  Karlsruhe Institute of Technology  , Germany    
   94  ,  Utrecht University  , Netherlands    
   95  ,  University of Leiden  , Netherlands    
   96  ,  University of Helsinki  , Finland    
   100  ,  University of Groningen  , Netherlands    
   102  ,  Uppsala University  , Sweden    
   103  ,  University of York  , UK    
   107  ,  Aarhus University  , Denmark    
   108  ,  Moscow State University  , Russia    
   109  ,  Queen Mary - University of London  , UK    
   112  ,  Technical University of Denmark  , Denmark    
   117  ,  Eindhoven University of Technology  , Netherlands    
   119  ,  Free University of Berlin  , Germany    
   121  ,  University of Lancaster  , UK    
   122  ,  Cardiff University  , UK    
   124  ,  University of Gent  , Belgium    
   126  ,  Humboldt University of Berlin  , Germany    
   126  ,  Erasmus University Rotterdam  , Netherlands    
   132  ,  Chalmers University of Technology  , Sweden    
   133  ,  University of Freiburg  , Germany    
   135  ,  Wageningen University & Research Center  , Netherlands    
   135  ,  University of Oslo  , Norway    
   137  ,  University Pierre et Marie Curie (Paris VI)  , France    
   137  ,  University of Aberdeen  , UK    
   139  ,  University of Basel  , Switzerland    
   139  ,  Aalto University  , Finland    
   143  ,  University of Lausanne  , Switzerland    
   145  ,  RWTH Aachen University  , Germany    
   148  ,  Hebrew University of Jerusalem  , Israel    
   149  ,  Catholic University of Louvain  , Belgium    
   151  ,  University of Liverpool  , UK    
   153  ,  University of Vienna  , Austria    
   154  ,  University College Dublin  , Ireland    
   156  ,  University of Reading  , UK    
   156  ,  CentraleSupélec  , France    
   159  ,  University of Bath  , UK    
   161  ,  University of Exeter  , UK    
   162  ,  Newcastle University - Newcastle-upon-Tyne  , UK    
   166  ,  University of Bern  , Switzerland    
   166  ,  University of Barcelona  , Spain    
   168  ,  University of Göttingen  , Germany    
   169  ,  University of Maastricht  , Netherlands    
   173  ,  University of Tübingen  , Germany    
   176  ,  VU University Amsterdam  , Netherlands    
   177  ,  Radboud University of Nijmegen  , Netherlands    
   178  ,  Technical University of Berlin  , Germany    
   181  ,  University of Bergen  , Norway    
   182  ,  Stockholm University  , Sweden    
   182  ,  Queen&rsquo;s University Belfast  , UK    
   186  ,  Autonomous University of Madrid  , Spain    
   187  ,  Polytechnic University of Milan  , Italy    
   187  ,  University of Sussex  , UK    
   188  ,  Ecole Normale Supérieure de Lyon  , France    
   188  ,  University of Twente  , Netherlands    
   190  ,  Autonomous University of Barcelona  , Spain    
   194  ,  Vrije Universiteit Brussel  , Belgium    
   197  ,  Vienna University of Technology  , Austria    
   198  ,  Technion - Israel Institute of Technology  , Israel    
   203  ,  Tel Aviv University  , Israel    
   204  ,  University of Bologna  , Italy    
   207  ,  Université Libre de Bruxelles  , Belgium    
   208  ,  University of Antwerp  , Belgium    
   210  ,  University of Bonn  , Germany    
   213  ,  University of Rome - La Sapienza  , Italy    
   219  ,  University of Hamburg  , Germany    
   222  ,  University Paris-Sorbonne (Paris IV)  , France    
   223  ,  Sciences Po - Paris  , France    
   226  ,  Complutense University of Madrid  , Spain    
   227  ,  Technical University of Dresden  , Germany    
   228  ,  Loughborough University  , UK    
   231  ,  Royal Holloway - University of London  , UK    
   233  ,  University of Turku  , Finland    
   233  ,  University College Cork  , Ireland    
   235  ,  University Joseph Fourier - Grenoble I  , France    
   235  ,  University of Leicester  , UK    
   239  ,  University of East Anglia  , UK    
   240  ,  University Panthéon-Sorbonne (Paris I)  , France    
   241  ,  University Paris Sud (Paris XI)  , France    
   241  ,  University of Strasbourg  , France    
   243  ,  University of Frankfurt am Main  , Germany    
   246  ,  Technical University of Darmstadt  , Germany    
   247  ,  Göteborg University  , Sweden    
   247  ,  University of Surrey  , UK    
   249  ,  University of Strathclyde  , UK    
   251  ,  University of Stuttgart  , Germany    
   254  ,  Norwegian University of Science and Technology  , Norway    
   256  ,  University of Münster  , Germany    
   256  ,  St. Petersburg State University  , Russia    
   259  ,  Ben-Gurion University of the Negev  , Israel    
   261  ,  University Denis Diderot (Paris VII)  , France    
   261  ,  University of Dundee  , UK    
   265  ,  University of Liège  , Belgium    
   265  ,  University of Navarra  , Spain    
   271  ,  National University of Ireland - Galway  , Ireland    
   275  ,  School of Oriental and African Studies - University of London  , UK    
   279  ,  Charles University Prague  , Czech Republic    
   286  ,  Linkoping University  , Sweden    
   290  ,  Birkbeck - University of London  , UK    
   292  ,  University of Erlangen-Nürnberg  , Germany    
   293  ,  Ecole Normale Supérieure de Cachan  , France    
   293  ,  Tilburg University  , Netherlands    
   295  ,  University of Innsbruck  , Austria    
   295  ,  University Pompeu Fabra  , Spain    
   299  ,  Polytechnic University of Catalonia  , Spain    
   301  ,  City University London  , UK    
   303  ,  University of Essex  , UK    
   306  ,  University of Milan  , Italy    
   308  ,  University of Porto  , Portugal    
   309  ,  University of Padua  , Italy    
   314  ,  University Carlos III de Madrid  , Spain    
   314  ,  Polytechnic University of Turin  , Italy    
   314  ,  Ecole des Ponts ParisTech  , France    
   317  ,  Novosibirsk State University  , Russia    
   318  ,  Heriot-Watt University  , UK    
   319  ,  University of Konstanz  , Germany    
   319  ,  Umea University  , Sweden    
   319  ,  University of Jyvaskyla  , Finland    
   324  ,  Oxford Brookes University  , UK    
   329  ,  University of St.Gallen  , Switzerland    
   331  ,  University of Cologne  , Germany    
   331  ,  Brunel University  , UK    
   338  ,  University of Ulm  , Germany    
   338  ,  Bauman Moscow State Technical University  , Russia    
   344  ,  University of Warsaw  , Poland    
   346  ,  Aston University  , UK    
   347  ,  University of Eastern Finland  , Finland    
   351  ,  University of Bremen  , Germany    
   351  ,  New University of Lisbon  , Portugal    
   353  ,  Dublin City University  , Ireland    
   356  ,  Aalborg University  , Denmark    
   356  ,  Tampere University of Technology  , Finland    
   358  ,  University of Oulu  , Finland    
   360  ,  University of Kent at Canterbury  , UK    
   361  ,  University of Southern Denmark  , Denmark    
   361  ,  Aix-Marseille University  , France    
   366  ,  University of Hannover  , Germany    
   367  ,  University of Pisa  , Italy    
   367  ,  University of Coimbra  , Portugal    
   369  ,  University Paris-Dauphine (Paris IX)  , France    
   375  ,  University of Mainz  , Germany    
   376  ,  National Technical University of Athens  , Greece    
   376  ,  University of Montpellier  , France    
   381  ,  University of Jena  , Germany    
   384  ,  University of Leipzig  , Germany    
   384  ,  University of Stirling  , UK    
   387  ,  Institut National des Sciences Appliquées de Lyon  , France    
   387  ,  University René Descartes (Paris V)  , France    
   394  ,  University of Mannheim  , Germany    
   394  ,  Bilkent University  , Turkey    
   397  ,  University Paul Sabatier - Toulouse III  , France    
   397  ,  Moscow State Institute of International Relations  , Russia    
   400  ,  University of Tartu  , Estonia    
   400  ,  Swansea University  , UK    
   401-410  ,  University of Würzburg  , Germany    
   401-410  ,  University of Kiel  , Germany    
   401-410  ,  University of Rome - Tor Vergata  , Italy    
   411-420  ,  Polytechnic University of Valencia  , Spain    
   411-420  ,  University of Florence  , Italy    
   411-420  ,  Jagiellonian University  , Poland    
   411-420  ,  Bangor University  , UK    
   421-430  ,  Belarusian State University  , Belarus    
   421-430  ,  University of Bochum  , Germany    
   421-430  ,  Taras Shevchenko National University of Kyiv  , Ukraine    
   421-430  ,  Uit the Arctic University of Norway  , Norway    
   431-440  ,  University of Graz  , Austria    
   431-440  ,  University of Trento  , Italy    
   431-440  ,  Moscow Institute of Physics and Technology  , Russia    
   431-440  ,  Middle East Technical University  , Turkey    
   441-450  ,  Abo Akademi University  , Finland    
   441-450  ,  University of Tampere  , Finland    
   441-450  ,  University of Naples Federico II  , Italy    
   441-450  ,  Bogazici University  , Turkey    
   441-450  ,  Sabanci University  , Turkey    
   441-450  ,  University of Bordeaux  , France    
   451-460  ,  Czech Technical University of Prague  , Czech Republic    
   451-460  ,  University of Bayreuth  , Germany    
   451-460  ,  Goldsmiths College - University of London  , UK    
   461-470  ,  University of Regensburg  , Germany    
   461-470  ,  Technical University of Madrid  , Spain    
   461-470  ,  University of Granada  , Spain    
   461-470  ,  Aristotle University of Thessaloniki  , Greece    
   471-480  ,  University Lille I  , France    
   471-480  ,  University of Limerick  , Ireland    
   471-480  ,  Catholic University of the Sacred Heart  , Italy    
   471-480  ,  Kingston University  , UK    
   471-480  ,  St Petersburg State Politecnical University  , Russia    
   481-490  ,  University Claude Bernard - Lyon I  , France    
   481-490  ,  University of Lisbon  , Portugal    
   481-490  ,  Tomsk Polytechnic University  , Russia    
   481-490  ,  Tomsk State University  , Russia    
   481-490  ,  Koc University  , Turkey    
   491-500  ,  University of Marburg  , Germany    
   491-500  ,  University of Zaragoza  , Spain    
   491-500  ,  Technical University of Dortmund  , Germany    
   491-500  ,  V.N. Karazin Kharkiv National University  , Ukraine    
   501-550  ,  Technical University of Braunschweig  , Germany    
   501-550  ,  University of Bielefeld  , Germany    
   501-550  ,  Saarland University  , Germany    
   501-550  ,  University of Seville  , Spain    
   501-550  ,  University of Valencia  , Spain    
   501-550  ,  University of Rennes I  , France    
   501-550  ,  University of Crete  , Greece    
   501-550  ,  University of Szeged  , Hungary    
   501-550  ,  University of Pavia  , Italy    
   501-550  ,  University of Turin  , Italy    
   501-550  ,  Vilnius University  , Lithuania    
   501-550  ,  Higher School of Economics  , Russia    
   501-550  ,  Keele University  , UK    
   501-550  ,  Aberystwyth University  , UK    
   501-550  ,  National Research Nuclear University  , Russia    
   551-600  ,  University of Linz  , Austria    
   551-600  ,  Masaryk University  , Czech Republic    
   551-600  ,  University of Duisburg-Essen  , Germany    
   551-600  ,  University of Düsseldorf  , Germany    
   551-600  ,  University of Halle-Wittenberg  , Germany    
   551-600  ,  University of Rostock  , Germany    
   551-600  ,  University of Salamanca  , Spain    
   551-600  ,  University of Santiago de Compostela  , Spain    
   551-600  ,  University of Nice-Sophia Antipolis  , France    
   551-600  ,  National University of Ireland - Maynooth  , Ireland    
   551-600  ,  University of Ljubljana  , Slovenia    
   551-600  ,  Istanbul Technical University  , Turkey    
   551-600  ,  University of Bradford  , UK    
   551-600  ,  University of Hull  , UK    
   551-600  ,  University of Ulster  , UK    
   551-600  ,  Kazan Federal University   , Russia    
   601-650  ,  National Technical University Ukraine (kyiv Polytechnic Institute)  , Ukraine    
   601-650  ,  Brno University of Technology  , Czech Republic    
   601-650  ,  University of Giessen  , Germany    
   601-650  ,  University of Alcalá de Henares  , Spain    
   601-650  ,  University Panthéon-Assas (Paris II)  , France    
   601-650  ,  University of Athens  , Greece    
   601-650  ,  University of Patras  , Greece    
   601-650  ,  Eötvös Lorand University  , Hungary    
   601-650  ,  University of Debrecen   , Hungary    
   601-650  ,  Dublin Institute of Technology  , Ireland    
   601-650  ,  Bar-Ilan University  , Israel    
   601-650  ,  University of Milan - Bicocca  , Italy    
   601-650  ,  Peoples’ Friendship University of Russia  , Russia    
   601-650  ,  Saratov State University  , Russia    
   601-650  ,  University of Portsmouth  , UK    
   601-650  ,  Tallinn University of Technology  , Estonia    
   601-650  ,  Ural Federal University  , Russia    
   601-650  ,  Southern Federal University  , Russia    
   651-700  ,  Far Eastern Federal University  , Russia    
   651-700  ,  Khazar University  , Azerbaijan    
   651-700  ,  University of Nantes  , France    
   651-700  ,  University of Trieste  , Italy    
   651-700  ,  Warsaw University of Technology  , Poland    
   651-700  ,  Catholic University of Portugal  , Portugal    
   651-700  ,  University of Bucharest  , Romania    
   651-700  ,  Comenius University in Bratislava  , Slovakia    
   651-700  ,  Hacettepe University  , Turkey    
   651-700  ,  London Metropolitan University  , UK    
   651-700  ,  Middlesex University  , UK    
   651-700  ,  University of Plymouth  , UK    
   651-700  ,  University of Salford  , UK    
   651-700  ,  University of Lorraine  , France    