# University Ranking Results - www.universityrankings.ch
# Ranking: Times
# Year: all years
# Region: Europe
#
 #    World Rank                   ,  Institution                   ,  Country                   ,  &nbsp;Year&nbsp;&nbsp;                       
   1  ,  University of Oxford  , UK , 2019    
   1  ,  University of Oxford  , UK , 2018    
   1  ,  University of Oxford  , UK , 2017    
   2  ,  University of Cambridge  , UK , 2019    
   2  ,  University of Cambridge  , UK , 2018    
   2  ,  University of Oxford  , UK , 2016    
   2  ,  University of Oxford  , UK , 2014    
   2  ,  University of Oxford  , UK , 2013    
   3  ,  University of Oxford  , UK , 2015    
   4  ,  University of Cambridge  , UK , 2017    
   4  ,  University of Cambridge  , UK , 2016    
   4  ,  University of Oxford  , UK , 2012    
   5  ,  University of Cambridge  , UK , 2015    
   6  ,  University of Cambridge  , UK , 2012    
   6  ,  University of Cambridge  , UK , 2011    
   6  ,  University of Oxford  , UK , 2011    
   7  ,  University of Cambridge  , UK , 2014    
   7  ,  University of Cambridge  , UK , 2013    
   8  ,  Imperial College London  , UK , 2018    
   8  ,  Imperial College London  , UK , 2017    
   8  ,  Imperial College London  , UK , 2016    
   8  ,  Imperial College London  , UK , 2013    
   8  ,  Imperial College London  , UK , 2012    
   9  ,  Swiss Federal Institute of Technology Zurich - ETHZ  , Switzerland , 2017    
   9  ,  Swiss Federal Institute of Technology Zurich - ETHZ  , Switzerland , 2016    
   9  ,  Imperial College London  , UK , 2019    
   9  ,  Imperial College London  , UK , 2015    
   9  ,  Imperial College London  , UK , 2011    
   10  ,  Swiss Federal Institute of Technology Zurich - ETHZ  , Switzerland , 2018    
   10  ,  Imperial College London  , UK , 2014    
   11  ,  Swiss Federal Institute of Technology Zurich - ETHZ  , Switzerland , 2019    
   12  ,  Swiss Federal Institute of Technology Zurich - ETHZ  , Switzerland , 2013    
   13  ,  Swiss Federal Institute of Technology Zurich - ETHZ  , Switzerland , 2015    
   14  ,  Swiss Federal Institute of Technology Zurich - ETHZ  , Switzerland , 2014    
   14  ,  University College London  , UK , 2019    
   14  ,  University College London  , UK , 2016    
   15  ,  Swiss Federal Institute of Technology Zurich - ETHZ  , Switzerland , 2012    
   15  ,  Swiss Federal Institute of Technology Zurich - ETHZ  , Switzerland , 2011    
   15  ,  University College London  , UK , 2017    
   16  ,  University College London  , UK , 2018    
   17  ,  University College London  , UK , 2013    
   17  ,  University College London  , UK , 2012    
   21  ,  University College London  , UK , 2014    
   22  ,  University College London  , UK , 2015    
   22  ,  University College London  , UK , 2011    
   23  ,  London School of Economics  , UK , 2016    
   24  ,  University of Edinburgh  , UK , 2016    
   25  ,  London School of Economics  , UK , 2018    
   25  ,  London School of Economics  , UK , 2017    
   26  ,  London School of Economics  , UK , 2019    
   27  ,  King&rsquo;s College London  , UK , 2016    
   27  ,  University of Edinburgh  , UK , 2018    
   27  ,  University of Edinburgh  , UK , 2017    
   28  ,  Karolinska Institute  , Sweden , 2017    
   28  ,  Karolinska Institute  , Sweden , 2016    
   29  ,  University of München  , Germany , 2016    
   29  ,  University of München  , Germany , 2015    
   29  ,  University of Edinburgh  , UK , 2019    
   30  ,  Swiss Federal Institute of Technology Lausanne - EPFL  , Switzerland , 2017    
   30  ,  University of München  , Germany , 2017    
   31  ,  Swiss Federal Institute of Technology Lausanne - EPFL  , Switzerland , 2016    
   32  ,  University of München  , Germany , 2019    
   32  ,  Karolinska Institute  , Sweden , 2012    
   32  ,  London School of Economics  , UK , 2014    
   32  ,  University of Edinburgh  , UK , 2013    
   34  ,  Swiss Federal Institute of Technology Lausanne - EPFL  , Switzerland , 2015    
   34  ,  University of München  , Germany , 2018    
   34  ,  London School of Economics  , UK , 2015    
   35  ,  Catholic University of Leuven  , Belgium , 2016    
   35  ,  Swiss Federal Institute of Technology Lausanne - EPFL  , Switzerland , 2019    
   36  ,  Karolinska Institute  , Sweden , 2014    
   36  ,  King&rsquo;s College London  , UK , 2018    
   36  ,  King&rsquo;s College London  , UK , 2017    
   36  ,  University of Edinburgh  , UK , 2015    
   36  ,  University of Edinburgh  , UK , 2012    
   37  ,  Swiss Federal Institute of Technology Lausanne - EPFL  , Switzerland , 2014    
   37  ,  University of Heidelberg  , Germany , 2016    
   38  ,  Swiss Federal Institute of Technology Lausanne - EPFL  , Switzerland , 2018    
   38  ,  Karolinska Institute  , Sweden , 2018    
   38  ,  King&rsquo;s College London  , UK , 2019    
   38  ,  King&rsquo;s College London  , UK , 2014    
   39  ,  Ecole Polytechnique  , France , 2011    
   39  ,  London School of Economics  , UK , 2013    
   39  ,  University of Edinburgh  , UK , 2014    
   40  ,  Catholic University of Leuven  , Belgium , 2017    
   40  ,  Swiss Federal Institute of Technology Lausanne - EPFL  , Switzerland , 2013    
   40  ,  Karolinska Institute  , Sweden , 2019    
   40  ,  King&rsquo;s College London  , UK , 2015    
   40  ,  University of Edinburgh  , UK , 2011    
   41  ,  Technical University of München  , Germany , 2018    
   41  ,  PSL Research University Paris  , France , 2019    
   42  ,  Ecole Normale Supérieure de Paris  , France , 2011    
   42  ,  Karolinska Institute  , Sweden , 2013    
   43  ,  University of Göttingen  , Germany , 2011    
   43  ,  University of Heidelberg  , Germany , 2017    
   43  ,  Karolinska Institute  , Sweden , 2011    
   44  ,  Technical University of München  , Germany , 2019    
   44  ,  Karolinska Institute  , Sweden , 2015    
   45  ,  University of München  , Germany , 2012    
   45  ,  University of Heidelberg  , Germany , 2018    
   46  ,  Swiss Federal Institute of Technology Lausanne - EPFL  , Switzerland , 2012    
   46  ,  Technical University of München  , Germany , 2017    
   47  ,  Catholic University of Leuven  , Belgium , 2018    
   47  ,  University of Heidelberg  , Germany , 2019    
   47  ,  Wageningen University & Research Center  , Netherlands , 2016    
   47  ,  London School of Economics  , UK , 2012    
   48  ,  Catholic University of Leuven  , Belgium , 2019    
   48  ,  Swiss Federal Institute of Technology Lausanne - EPFL  , Switzerland , 2011    
   48  ,  University of München  , Germany , 2013    
   48  ,  University of Manchester  , UK , 2012    
   49  ,  Humboldt University of Berlin  , Germany , 2016    
   49  ,  University of Manchester  , UK , 2013    
   52  ,  University of Manchester  , UK , 2015    
   53  ,  Technical University of München  , Germany , 2016    
   54  ,  Ecole Normale Supérieure de Paris  , France , 2016    
   54  ,  University of Manchester  , UK , 2018    
   55  ,  Catholic University of Leuven  , Belgium , 2015    
   55  ,  University of München  , Germany , 2014    
   55  ,  University of Manchester  , UK , 2017    
   56  ,  King&rsquo;s College London  , UK , 2012    
   56  ,  University of Manchester  , UK , 2016    
   57  ,  Humboldt University of Berlin  , Germany , 2017    
   57  ,  King&rsquo;s College London  , UK , 2013    
   57  ,  University of Manchester  , UK , 2019    
   58  ,  Catholic University of Leuven  , Belgium , 2013    
   58  ,  Delft University of Technology  , Netherlands , 2019    
   58  ,  University of Amsterdam  , Netherlands , 2016    
   58  ,  University of Manchester  , UK , 2014    
   59  ,  Ecole Normale Supérieure de Paris  , France , 2013    
   59  ,  Ecole Normale Supérieure de Paris  , France , 2012    
   59  ,  Delft University of Technology  , Netherlands , 2017    
   59  ,  University of Amsterdam  , Netherlands , 2018    
   59  ,  Wageningen University & Research Center  , Netherlands , 2019    
   61  ,  Catholic University of Leuven  , Belgium , 2014    
   61  ,  University of München  , Germany , 2011    
   61  ,  Ecole Polytechnique  , France , 2015    
   61  ,  University of Zurich  , Switzerland , 2012    
   62  ,  Humboldt University of Berlin  , Germany , 2018    
   62  ,  Ecole Polytechnique  , France , 2013    
   62  ,  University of Amsterdam  , Netherlands , 2019    
   62  ,  Utrecht University  , Netherlands , 2016    
   63  ,  University of Göttingen  , Germany , 2014    
   63  ,  Ecole Polytechnique  , France , 2012    
   63  ,  Scuola Normale Superiore di Pisa  , Italy , 2015    
   63  ,  Delft University of Technology  , Netherlands , 2018    
   63  ,  University of Amsterdam  , Netherlands , 2017    
   64  ,  University of Leiden  , Netherlands , 2015    
   64  ,  University of Leiden  , Netherlands , 2013    
   64  ,  Wageningen University & Research Center  , Netherlands , 2018    
   65  ,  Ecole Normale Supérieure de Paris  , France , 2014    
   65  ,  Delft University of Technology  , Netherlands , 2016    
   65  ,  Wageningen University & Research Center  , Netherlands , 2017    
   66  ,  Ecole Normale Supérieure de Paris  , France , 2017    
   66  ,  University of Bristol  , UK , 2012    
   67  ,  Catholic University of Leuven  , Belgium , 2012    
   67  ,  University of Göttingen  , Germany , 2015    
   67  ,  Humboldt University of Berlin  , Germany , 2019    
   67  ,  University of Leiden  , Netherlands , 2018    
   67  ,  University of Leiden  , Netherlands , 2016    
   67  ,  University of Leiden  , Netherlands , 2014    
   67  ,  Utrecht University  , Netherlands , 2013    
   68  ,  University of Heidelberg  , Germany , 2014    
   68  ,  University of Leiden  , Netherlands , 2019    
   68  ,  Utrecht University  , Netherlands , 2018    
   68  ,  Utrecht University  , Netherlands , 2012    
   68  ,  University of Bristol  , UK , 2011    
   69  ,  University of Göttingen  , Germany , 2012    
   69  ,  Delft University of Technology  , Netherlands , 2014    
   69  ,  Erasmus University Rotterdam  , Netherlands , 2017    
   69  ,  University of Bristol  , UK , 2016    
   70  ,  University of Göttingen  , Germany , 2013    
   70  ,  University of Heidelberg  , Germany , 2015    
   70  ,  Ecole Polytechnique  , France , 2014    
   70  ,  Erasmus University Rotterdam  , Netherlands , 2019    
   70  ,  Wageningen University & Research Center  , Netherlands , 2013    
   70  ,  University of Durham  , UK , 2016    
   71  ,  Delft University of Technology  , Netherlands , 2015    
   71  ,  Erasmus University Rotterdam  , Netherlands , 2016    
   71  ,  University of Bristol  , UK , 2017    
   72  ,  Free University of Berlin  , Germany , 2016    
   72  ,  Erasmus University Rotterdam  , Netherlands , 2018    
   72  ,  Erasmus University Rotterdam  , Netherlands , 2015    
   72  ,  Erasmus University Rotterdam  , Netherlands , 2013    
   72  ,  PSL Research University Paris  , France , 2018    
   73  ,  University of Heidelberg  , Germany , 2012    
   73  ,  University Paris-Sorbonne (Paris IV)  , France , 2019    
   73  ,  Erasmus University Rotterdam  , Netherlands , 2014    
   73  ,  Wageningen University & Research Center  , Netherlands , 2015    
   74  ,  University of Basel  , Switzerland , 2014    
   74  ,  University of Groningen  , Netherlands , 2016    
   74  ,  Utrecht University  , Netherlands , 2019    
   74  ,  Utrecht University  , Netherlands , 2014    
   74  ,  University of Bristol  , UK , 2015    
   74  ,  University of Bristol  , UK , 2013    
   75  ,  University of Basel  , Switzerland , 2015    
   75  ,  Free University of Berlin  , Germany , 2017    
   75  ,  Wageningen University & Research Center  , Netherlands , 2012    
   76  ,  University of Freiburg  , Germany , 2019    
   76  ,  University of Helsinki  , Finland , 2016    
   76  ,  Trinity College Dublin  , Ireland , 2011    
   76  ,  University of Bristol  , UK , 2018    
   76  ,  University of Glasgow  , UK , 2016    
   77  ,  Delft University of Technology  , Netherlands , 2013    
   77  ,  University of Amsterdam  , Netherlands , 2015    
   77  ,  University of Leiden  , Netherlands , 2017    
   77  ,  Wageningen University & Research Center  , Netherlands , 2014    
   77  ,  King&rsquo;s College London  , UK , 2011    
   78  ,  University of Tübingen  , Germany , 2016    
   78  ,  University of Heidelberg  , Germany , 2013    
   78  ,  Ecole Normale Supérieure de Paris  , France , 2015    
   78  ,  University of Bristol  , UK , 2019    
   78  ,  RWTH Aachen University  , Germany , 2017    
   79  ,  University of Groningen  , Netherlands , 2019    
   79  ,  University of Leiden  , Netherlands , 2012    
   79  ,  Utrecht University  , Netherlands , 2015    
   79  ,  University of Bristol  , UK , 2014    
   79  ,  University of Sussex  , UK , 2011    
   79  ,  University of Warwick  , UK , 2019    
   79  ,  RWTH Aachen University  , Germany , 2018    
   80  ,  Humboldt University of Berlin  , Germany , 2015    
   80  ,  University of Groningen  , Netherlands , 2017    
   80  ,  Lund University  , Sweden , 2012    
   80  ,  University of Durham  , UK , 2014    
   80  ,  University of Durham  , UK , 2013    
   80  ,  University of Glasgow  , UK , 2018    
   80  ,  University of Warwick  , UK , 2016    
   81  ,  Free University of Berlin  , Germany , 2015    
   81  ,  University Pierre et Marie Curie (Paris VI)  , France , 2013    
   81  ,  Uppsala University  , Sweden , 2016    
   81  ,  University of York  , UK , 2011    
   82  ,  University of Freiburg  , Germany , 2018    
   82  ,  Technical University of Berlin  , Germany , 2017    
   82  ,  University of Copenhagen  , Denmark , 2016    
   82  ,  Lund University  , Sweden , 2013    
   82  ,  University of Warwick  , UK , 2017    
   83  ,  University of Heidelberg  , Germany , 2011    
   83  ,  University of Amsterdam  , Netherlands , 2014    
   83  ,  University of Amsterdam  , Netherlands , 2013    
   83  ,  University of Groningen  , Netherlands , 2018    
   83  ,  University of Durham  , UK , 2015    
   83  ,  University of Durham  , UK , 2012    
   84  ,  University of Freiburg  , Germany , 2016    
   84  ,  University Pierre et Marie Curie (Paris VI)  , France , 2012    
   85  ,  University of Gent  , Belgium , 2014    
   85  ,  Middle East Technical University  , Turkey , 2015    
   85  ,  University of Durham  , UK , 2011    
   85  ,  University of St. Andrews  , UK , 2012    
   86  ,  Free University of Berlin  , Germany , 2014    
   86  ,  Utrecht University  , Netherlands , 2017    
   86  ,  Uppsala University  , Sweden , 2018    
   86  ,  London School of Economics  , UK , 2011    
   86  ,  University of St. Andrews  , UK , 2016    
   87  ,  Technical University of München  , Germany , 2014    
   87  ,  Uppsala University  , Sweden , 2019    
   87  ,  Uppsala University  , Sweden , 2012    
   87  ,  University of Manchester  , UK , 2011    
   87  ,  RWTH Aachen University  , Germany , 2019    
   88  ,  Free University of Berlin  , Germany , 2018    
   88  ,  Technical University of München  , Germany , 2012    
   88  ,  University of Maastricht  , Netherlands , 2016    
   88  ,  University of Glasgow  , UK , 2017    
   88  ,  Royal Holloway - University of London  , UK , 2011    
   89  ,  University of Tübingen  , Germany , 2019    
   89  ,  University of Tübingen  , Germany , 2017    
   89  ,  University of Groningen  , Netherlands , 2013    
   89  ,  Lund University  , Sweden , 2011    
   89  ,  University of Zurich  , Switzerland , 2013    
   90  ,  University of Gent  , Belgium , 2015    
   90  ,  University of Helsinki  , Finland , 2018    
   90  ,  Lund University  , Sweden , 2016    
   90  ,  University of Southampton  , UK , 2011    
   90  ,  University of Zurich  , Switzerland , 2019    
   90  ,  University of Zurich  , Switzerland , 2011    
   90  ,  Charité - University Medicine Berlin  , Germany , 2019    
   91  ,  University of Helsinki  , Finland , 2017    
   91  ,  University of Helsinki  , Finland , 2012    
   91  ,  University of Warwick  , UK , 2018    
   92  ,  Technical University of Berlin  , Germany , 2018    
   92  ,  University Paris Sud (Paris XI)  , France , 2013    
   92  ,  University of Amsterdam  , Netherlands , 2012    
   93  ,  University of Gent  , Belgium , 2013    
   93  ,  Lund University  , Sweden , 2018    
   93  ,  Uppsala University  , Sweden , 2017    
   93  ,  University of Exeter  , UK , 2016    
   93  ,  University of Glasgow  , UK , 2019    
   94  ,  University of Tübingen  , Germany , 2018    
   94  ,  Humboldt University of Berlin  , Germany , 2014    
   94  ,  University of Bonn  , Germany , 2016    
   94  ,  University College Dublin  , Ireland , 2011    
   94  ,  University of Maastricht  , Netherlands , 2017    
   94  ,  University of Glasgow  , UK , 2015    
   95  ,  University of Basel  , Switzerland , 2018    
   95  ,  University of Basel  , Switzerland , 2011    
   95  ,  University of Freiburg  , Germany , 2017    
   96  ,  University Pierre et Marie Curie (Paris VI)  , France , 2014    
   96  ,  Lund University  , Sweden , 2017    
   96  ,  University of Durham  , UK , 2017    
   97  ,  University of Durham  , UK , 2018    
   97  ,  University of Sheffield  , UK , 2016    
   98  ,  University of Basel  , Switzerland , 2017    
   98  ,  Technical University of München  , Germany , 2015    
   98  ,  Aarhus University  , Denmark , 2017    
   98  ,  University of Groningen  , Netherlands , 2014    
   98  ,  University of Maastricht  , Netherlands , 2014    
   98  ,  Lund University  , Sweden , 2019    
   98  ,  Stockholm University  , Sweden , 2015    
   98  ,  Uppsala University  , Sweden , 2015    
   98  ,  Queen Mary - University of London  , UK , 2016    
   99  ,  University of Göttingen  , Germany , 2016    
   99  ,  Humboldt University of Berlin  , Germany , 2013    
   99  ,  University of Helsinki  , Finland , 2019    
   99  ,  University of Sussex  , UK , 2012    
   100  ,  University of Bonn  , Germany , 2018    
   100  ,  University of Helsinki  , Finland , 2014    
   100  ,  Ecole Normale Supérieure de Lyon  , France , 2011    
   100  ,  University of York  , UK , 2014    
   101  ,  University of Basel  , Switzerland , 2016    
   101  ,  Technical University of München  , Germany , 2011    
   101  ,  Ecole Polytechnique  , France , 2016    
   101  ,  University of Maastricht  , Netherlands , 2015    
   101  ,  University of Sheffield  , UK , 2012    
   102  ,  University of Mannheim  , Germany , 2017    
   102  ,  University of Helsinki  , Finland , 2011    
   102  ,  University of Glasgow  , UK , 2012    
   102  ,  Royal Holloway - University of London  , UK , 2014    
   103  ,  University of Basel  , Switzerland , 2019    
   103  ,  University of Helsinki  , Finland , 2015    
   103  ,  University Pierre et Marie Curie (Paris VI)  , France , 2015    
   103  ,  University of Maastricht  , Netherlands , 2018    
   103  ,  Stockholm University  , Sweden , 2014    
   103  ,  University of St. Andrews  , UK , 2011    
   103  ,  University of Warwick  , UK , 2015    
   103  ,  University of York  , UK , 2013    
   103  ,  University of Zurich  , Switzerland , 2015    
   104  ,  Free University of Berlin  , Germany , 2019    
   104  ,  Delft University of Technology  , Netherlands , 2012    
   104  ,  University of Sheffield  , UK , 2018    
   104  ,  University of Zurich  , Switzerland , 2016    
   105  ,  University of Bern  , Switzerland , 2018    
   105  ,  Technical University of München  , Germany , 2013    
   106  ,  University of Gent  , Belgium , 2012    
   106  ,  University of Mannheim  , Germany , 2016    
   106  ,  Eindhoven University of Technology  , Netherlands , 2014    
   106  ,  Uppsala University  , Sweden , 2013    
   106  ,  University of Sheffield  , UK , 2019    
   106  ,  University of Zurich  , Switzerland , 2017    
   107  ,  University of Gent  , Belgium , 2018    
   107  ,  University of Geneva  , Switzerland , 2015    
   107  ,  Queen Mary - University of London  , UK , 2015    
   107  ,  Royal Holloway - University of London  , UK , 2012    
   108  ,  Ecole Polytechnique  , France , 2019    
   108  ,  University of St. Andrews  , UK , 2013    
   109  ,  Humboldt University of Berlin  , Germany , 2012    
   109  ,  Aarhus University  , Denmark , 2018    
   109  ,  University of Copenhagen  , Denmark , 2018    
   109  ,  University of Helsinki  , Finland , 2013    
   109  ,  University of Sheffield  , UK , 2017    
   110  ,  University of Bern  , Switzerland , 2019    
   110  ,  University of Bern  , Switzerland , 2017    
   110  ,  University of Bonn  , Germany , 2019    
   110  ,  Trinity College Dublin  , Ireland , 2013    
   110  ,  University of Sheffield  , UK , 2013    
   110  ,  University of Southampton  , UK , 2016    
   110  ,  University of St. Andrews  , UK , 2017    
   110  ,  University of Sussex  , UK , 2013    
   110  ,  RWTH Aachen University  , Germany , 2016    
   111  ,  University of Basel  , Switzerland , 2012    
   111  ,  Uppsala University  , Sweden , 2014    
   111  ,  University of St. Andrews  , UK , 2015    
   111  ,  University of Sussex  , UK , 2015    
   112  ,  University of Bern  , Switzerland , 2012    
   112  ,  University of Göttingen  , Germany , 2017    
   112  ,  Scuola Normale Superiore di Pisa  , Italy , 2016    
   112  ,  Bilkent University  , Turkey , 2011    
   112  ,  University of Sheffield  , UK , 2014    
   113  ,  University of Tübingen  , Germany , 2015    
   113  ,  University of Göttingen  , Germany , 2018    
   113  ,  University of Bonn  , Germany , 2017    
   113  ,  University Pierre et Marie Curie (Paris VI)  , France , 2016    
   113  ,  Queen Mary - University of London  , UK , 2017    
   113  ,  University of York  , UK , 2015    
   114  ,  University Paris Sud (Paris XI)  , France , 2014    
   114  ,  Eindhoven University of Technology  , Netherlands , 2013    
   114  ,  Eindhoven University of Technology  , Netherlands , 2011    
   114  ,  Queen Mary - University of London  , UK , 2014    
   114  ,  University of Durham  , UK , 2019    
   115  ,  Ecole Polytechnique  , France , 2018    
   115  ,  Eindhoven University of Technology  , Netherlands , 2012    
   115  ,  University of Maastricht  , Netherlands , 2013    
   116  ,  University of Lausanne  , Switzerland , 2012    
   116  ,  Aarhus University  , Denmark , 2013    
   116  ,  University of Copenhagen  , Denmark , 2019    
   116  ,  Ecole Polytechnique  , France , 2017    
   116  ,  University of Birmingham  , UK , 2019    
   117  ,  Technical University of Denmark  , Denmark , 2014    
   117  ,  Trinity College Dublin  , Ireland , 2018    
   117  ,  Trinity College Dublin  , Ireland , 2012    
   117  ,  University of Groningen  , Netherlands , 2015    
   117  ,  KTH - Royal Institute of Technology  , Sweden , 2014    
   117  ,  Stockholm University  , Sweden , 2013    
   117  ,  University of Glasgow  , UK , 2014    
   117  ,  University of St. Andrews  , UK , 2014    
   118  ,  University of Gent  , Belgium , 2017    
   118  ,  University of Gent  , Belgium , 2016    
   118  ,  University of Geneva  , Switzerland , 2011    
   118  ,  University of Southampton  , UK , 2019    
   118  ,  Royal Holloway - University of London  , UK , 2015    
   119  ,  Catholic University of Leuven  , Belgium , 2011    
   119  ,  Lund University  , Sweden , 2015    
   119  ,  University of Birmingham  , UK , 2016    
   119  ,  University of York  , UK , 2019    
   119  ,  Royal Holloway - University of London  , UK , 2013    
   120  ,  University of Bern  , Switzerland , 2016    
   120  ,  University of Copenhagen  , Denmark , 2017    
   120  ,  University Paris Sud (Paris XI)  , France , 2015    
   120  ,  Trinity College Dublin  , Ireland , 2019    
   120  ,  Queen Mary - University of London  , UK , 2011    
   120  ,  University of Nottingham  , UK , 2013    
   121  ,  Technical University of Denmark  , Denmark , 2015    
   121  ,  University Pierre et Marie Curie (Paris VI)  , France , 2017    
   121  ,  Hebrew University of Jerusalem  , Israel , 2012    
   121  ,  Radboud University of Nijmegen  , Netherlands , 2017    
   121  ,  University of Oslo  , Norway , 2019    
   121  ,  Queen Mary - University of London  , UK , 2018    
   121  ,  University of Sheffield  , UK , 2015    
   121  ,  University of Southampton  , UK , 2017    
   121  ,  University of Sussex  , UK , 2014    
   121  ,  University of York  , UK , 2012    
   121  ,  University of Zurich  , Switzerland , 2014    
   122  ,  Technical University of Denmark  , Denmark , 2011    
   122  ,  Radboud University of Nijmegen  , Netherlands , 2018    
   123  ,  University of Erlangen-Nürnberg  , Germany , 2016    
   123  ,  University of Göttingen  , Germany , 2019    
   123  ,  University of Mannheim  , Germany , 2019    
   123  ,  Aarhus University  , Denmark , 2019    
   123  ,  University Pierre et Marie Curie (Paris VI)  , France , 2018    
   123  ,  Radboud University of Nijmegen  , Netherlands , 2019    
   123  ,  Lund University  , Sweden , 2014    
   124  ,  University of Gent  , Belgium , 2011    
   124  ,  University of Geneva  , Switzerland , 2014    
   124  ,  University of Leiden  , Netherlands , 2011    
   124  ,  University of Lancaster  , UK , 2011    
   124  ,  University of Warwick  , UK , 2013    
   125  ,  University of Mannheim  , Germany , 2018    
   125  ,  University of Münster  , Germany , 2016    
   125  ,  Aarhus University  , Denmark , 2012    
   125  ,  Radboud University of Nijmegen  , Netherlands , 2016    
   126  ,  KTH - Royal Institute of Technology  , Sweden , 2015    
   126  ,  University of Exeter  , UK , 2017    
   126  ,  University of Southampton  , UK , 2018    
   126  ,  Charité - University Medicine Berlin  , Germany , 2018    
   127  ,  Radboud University of Nijmegen  , Netherlands , 2013    
   127  ,  Queen Mary - University of London  , UK , 2012    
   127  ,  University of Southampton  , UK , 2012    
   128  ,  Catholic University of Louvain  , Belgium , 2019    
   128  ,  Catholic University of Louvain  , Belgium , 2017    
   128  ,  Free University of Berlin  , Germany , 2013    
   128  ,  University of Maastricht  , Netherlands , 2019    
   128  ,  University of Glasgow  , UK , 2011    
   129  ,  Catholic University of Louvain  , Belgium , 2018    
   129  ,  Trinity College Dublin  , Ireland , 2014    
   129  ,  Stockholm University  , Sweden , 2011    
   129  ,  University of York  , UK , 2017    
   129  ,  RWTH Aachen University  , Germany , 2014    
   129  ,  Royal Holloway - University of London  , UK , 2016    
   130  ,  University of Geneva  , Switzerland , 2018    
   130  ,  University of Geneva  , Switzerland , 2012    
   130  ,  University of Lausanne  , Switzerland , 2013    
   130  ,  University of Copenhagen  , Denmark , 2013    
   130  ,  Queen Mary - University of London  , UK , 2019    
   130  ,  University of Birmingham  , UK , 2017    
   130  ,  University of Exeter  , UK , 2018    
   130  ,  University of Lancaster  , UK , 2016    
   130  ,  University of Southampton  , UK , 2013    
   131  ,  University of Geneva  , Switzerland , 2016    
   131  ,  Technical University of Berlin  , Germany , 2019    
   131  ,  Radboud University of Nijmegen  , Netherlands , 2014    
   131  ,  Stockholm University  , Sweden , 2012    
   131  ,  University of Lancaster  , UK , 2015    
   131  ,  University of Lancaster  , UK , 2012    
   131  ,  University of York  , UK , 2016    
   132  ,  University of Bern  , Switzerland , 2015    
   132  ,  University of Lausanne  , Switzerland , 2014    
   132  ,  University of Freiburg  , Germany , 2011    
   132  ,  University of Oslo  , Norway , 2017    
   132  ,  University of Southampton  , UK , 2015    
   133  ,  University of Geneva  , Switzerland , 2013    
   133  ,  University of Leeds  , UK , 2017    
   133  ,  University of Leeds  , UK , 2016    
   133  ,  University of Leeds  , UK , 2012    
   133  ,  Karlsruhe Institute of Technology  , Germany , 2018    
   134  ,  University of Groningen  , Netherlands , 2012    
   134  ,  Stockholm University  , Sweden , 2018    
   135  ,  University of Geneva  , Switzerland , 2019    
   135  ,  Technical University of Dresden  , Germany , 2015    
   135  ,  University of Hamburg  , Germany , 2019    
   135  ,  University of Ulm  , Germany , 2017    
   135  ,  University of Copenhagen  , Denmark , 2012    
   135  ,  University Pompeu Fabra  , Spain , 2019    
   135  ,  University of Bergen  , Norway , 2011    
   135  ,  University of Oslo  , Norway , 2016    
   135  ,  Karlsruhe Institute of Technology  , Germany , 2019    
   136  ,  University of Lausanne  , Switzerland , 2015    
   136  ,  University of Lausanne  , Switzerland , 2011    
   136  ,  VU University Amsterdam  , Netherlands , 2015    
   136  ,  Stockholm University  , Sweden , 2016    
   136  ,  University of Zurich  , Switzerland , 2018    
   137  ,  University of Geneva  , Switzerland , 2017    
   137  ,  Hebrew University of Jerusalem  , Israel , 2013    
   137  ,  Scuola Normale Superiore di Pisa  , Italy , 2017    
   137  ,  University of Lancaster  , UK , 2017    
   137  ,  University of Lancaster  , UK , 2014    
   137  ,  University of Sheffield  , UK , 2011    
   137  ,  University of York  , UK , 2018    
   138  ,  Aarhus University  , Denmark , 2014    
   138  ,  Trinity College Dublin  , Ireland , 2015    
   138  ,  Karlsruhe Institute of Technology  , Germany , 2016    
   139  ,  University of Vienna  , Austria , 2012    
   139  ,  VU University Amsterdam  , Netherlands , 2011    
   139  ,  Bogazici University  , Turkey , 2015    
   139  ,  University of Glasgow  , UK , 2013    
   139  ,  University of Leeds  , UK , 2018    
   139  ,  University of Leeds  , UK , 2014    
   140  ,  University Pompeu Fabra  , Spain , 2018    
   140  ,  University Pierre et Marie Curie (Paris VI)  , France , 2011    
   140  ,  VU University Amsterdam  , Netherlands , 2013    
   140  ,  Radboud University of Nijmegen  , Netherlands , 2015    
   140  ,  KTH - Royal Institute of Technology  , Sweden , 2013    
   140  ,  University of Dundee  , UK , 2011    
   140  ,  University of Nottingham  , UK , 2012    
   140  ,  University of Sussex  , UK , 2016    
   141  ,  Ecole Normale Supérieure de Lyon  , France , 2012    
   141  ,  Eindhoven University of Technology  , Netherlands , 2018    
   141  ,  University of Birmingham  , UK , 2018    
   141  ,  University of Exeter  , UK , 2019    
   141  ,  University of Warwick  , UK , 2014    
   142  ,  University of Vienna  , Austria , 2016    
   142  ,  University of Basel  , Switzerland , 2013    
   142  ,  University of Barcelona  , Spain , 2011    
   142  ,  University of Leeds  , UK , 2013    
   143  ,  University of Vienna  , Austria , 2019    
   143  ,  University of Gent  , Belgium , 2019    
   143  ,  Utrecht University  , Netherlands , 2011    
   143  ,  University of Nottingham  , UK , 2016    
   143  ,  University of St. Andrews  , UK , 2018    
   144  ,  University of Lausanne  , Switzerland , 2016    
   144  ,  University of Freiburg  , Germany , 2013    
   144  ,  Eindhoven University of Technology  , Netherlands , 2015    
   144  ,  VU University Amsterdam  , Netherlands , 2014    
   144  ,  Wageningen University & Research Center  , Netherlands , 2011    
   144  ,  Stockholm University  , Sweden , 2017    
   144  ,  Karlsruhe Institute of Technology  , Germany , 2017    
   145  ,  University of Cologne  , Germany , 2018    
   145  ,  Autonomous University of Barcelona  , Spain , 2019    
   145  ,  Queen Mary - University of London  , UK , 2013    
   145  ,  University of Birmingham  , UK , 2011    
   145  ,  University of East Anglia  , UK , 2012    
   145  ,  University of Lancaster  , UK , 2013    
   146  ,  University of Cologne  , Germany , 2019    
   146  ,  Autonomous University of Barcelona  , Spain , 2016    
   146  ,  University of Oslo  , Norway , 2018    
   146  ,  University of Lancaster  , UK , 2019    
   146  ,  University of Leeds  , UK , 2015    
   146  ,  Newcastle University - Newcastle-upon-Tyne  , UK , 2012    
   146  ,  University of Southampton  , UK , 2014    
   147  ,  Autonomous University of Barcelona  , Spain , 2018    
   147  ,  Uppsala University  , Sweden , 2011    
   147  ,  University of Nottingham  , UK , 2018    
   147  ,  University of Nottingham  , UK , 2017    
   147  ,  University of Sussex  , UK , 2018    
   148  ,  University of Birmingham  , UK , 2015    
   148  ,  University of Birmingham  , UK , 2012    
   148  ,  University of Exeter  , UK , 2014    
   149  ,  University of Ulm  , Germany , 2019    
   149  ,  Aarhus University  , Denmark , 2016    
   149  ,  Technical University of Denmark  , Denmark , 2013    
   149  ,  University of Twente  , Netherlands , 2016    
   149  ,  Birkbeck - University of London  , UK , 2012    
   149  ,  University of Aberdeen  , UK , 2011    
   149  ,  University of East Anglia  , UK , 2016    
   149  ,  University of Nottingham  , UK , 2019    
   149  ,  University of Sussex  , UK , 2017    
   150  ,  University of Copenhagen  , Denmark , 2014    
   150  ,  University of Lancaster  , UK , 2018    
   151  ,  University of Bern  , Switzerland , 2013    
   151  ,  University of Lausanne  , Switzerland , 2017    
   151  ,  Free University of Berlin  , Germany , 2012    
   151  ,  Technical University of Dresden  , Germany , 2019    
   151  ,  Delft University of Technology  , Netherlands , 2011    
   151  ,  University of Aberdeen  , UK , 2012    
   151  ,  Karlsruhe Institute of Technology  , Germany , 2013    
   152  ,  University of Lausanne  , Switzerland , 2018    
   152  ,  University of Freiburg  , Germany , 2014    
   152  ,  Birkbeck - University of London  , UK , 2011    
   152  ,  Newcastle University - Newcastle-upon-Tyne  , UK , 2011    
   153  ,  Aarhus University  , Denmark , 2015    
   153  ,  Technical University of Denmark  , Denmark , 2018    
   153  ,  Sant’Anna School of Advanced Studies  , Italy , 2019    
   153  ,  University of Twente  , Netherlands , 2017    
   153  ,  Stockholm University  , Sweden , 2019    
   153  ,  University of Birmingham  , UK , 2014    
   153  ,  University of Exeter  , UK , 2013    
   153  ,  University of Leeds  , UK , 2019    
   154  ,  VU University Amsterdam  , Netherlands , 2016    
   154  ,  University of Exeter  , UK , 2015    
   154  ,  Karlsruhe Institute of Technology  , Germany , 2014    
   154  ,  RWTH Aachen University  , Germany , 2013    
   155  ,  Technical University of Dresden  , Germany , 2018    
   155  ,  University of Ulm  , Germany , 2018    
   155  ,  University Pompeu Fabra  , Spain , 2011    
   155  ,  University Joseph Fourier - Grenoble I  , France , 2014    
   155  ,  Sant’Anna School of Advanced Studies  , Italy , 2018    
   155  ,  KTH - Royal Institute of Technology  , Sweden , 2016    
   156  ,  University of Cologne  , Germany , 2016    
   156  ,  Ecole Normale Supérieure de Lyon  , France , 2014    
   156  ,  VU University Amsterdam  , Netherlands , 2017    
   156  ,  University of Exeter  , UK , 2012    
   156  ,  RWTH Aachen University  , Germany , 2015    
   157  ,  University of Bern  , Switzerland , 2014    
   157  ,  Erasmus University Rotterdam  , Netherlands , 2012    
   157  ,  University of Liverpool  , UK , 2016    
   157  ,  University of Liverpool  , UK , 2015    
   157  ,  University of Nottingham  , UK , 2014    
   157  ,  University of Warwick  , UK , 2012    
   158  ,  Technical University of Dresden  , Germany , 2016    
   158  ,  Tel Aviv University  , Israel , 2013    
   158  ,  University of Aberdeen  , UK , 2019    
   158  ,  University of Birmingham  , UK , 2013    
   158  ,  University of Liverpool  , UK , 2017    
   159  ,  University of Würzburg  , Germany , 2019    
   159  ,  University College Dublin  , Ireland , 2012    
   159  ,  Erasmus University Rotterdam  , Netherlands , 2011    
   159  ,  VU University Amsterdam  , Netherlands , 2012    
   159  ,  Radboud University of Nijmegen  , Netherlands , 2012    
   159  ,  KTH - Royal Institute of Technology  , Sweden , 2017    
   159  ,  University of Leicester  , UK , 2018    
   160  ,  University of Erlangen-Nürnberg  , Germany , 2017    
   160  ,  University of Copenhagen  , Denmark , 2015    
   160  ,  Ecole Normale Supérieure de Lyon  , France , 2015    
   160  ,  Trinity College Dublin  , Ireland , 2016    
   161  ,  University of Vienna  , Austria , 2017    
   161  ,  University of Münster  , Germany , 2017    
   161  ,  University College Dublin  , Ireland , 2014    
   161  ,  Scuola Normale Superiore di Pisa  , Italy , 2019    
   161  ,  Moscow State University  , Russia , 2016    
   161  ,  University of Leicester  , UK , 2014    
   161  ,  University of Sussex  , UK , 2019    
   162  ,  University of Vienna  , Austria , 2013    
   162  ,  University of Erlangen-Nürnberg  , Germany , 2018    
   162  ,  Cardiff University  , UK , 2018    
   163  ,  University of Freiburg  , Germany , 2015    
   163  ,  Technical University of Denmark  , Denmark , 2019    
   163  ,  Autonomous University of Barcelona  , Spain , 2017    
   164  ,  University of Antwerp  , Belgium , 2014    
   164  ,  Catholic University of Louvain  , Belgium , 2013    
   164  ,  Technical University of Dresden  , Germany , 2017    
   164  ,  University Pompeu Fabra  , Spain , 2016    
   164  ,  University Pompeu Fabra  , Spain , 2014    
   164  ,  University of Reading  , UK , 2016    
   164  ,  University of Reading  , UK , 2012    
   165  ,  University of Vienna  , Austria , 2018    
   165  ,  University of Würzburg  , Germany , 2018    
   165  ,  University Pompeu Fabra  , Spain , 2015    
   165  ,  VU University Amsterdam  , Netherlands , 2018    
   165  ,  University of Amsterdam  , Netherlands , 2011    
   165  ,  Istanbul Technical University  , Turkey , 2015    
   165  ,  University of East Anglia  , UK , 2017    
   165  ,  University of Liverpool  , UK , 2011    
   165  ,  University of St. Andrews  , UK , 2019    
   165  ,  Karlsruhe Institute of Technology  , Germany , 2015    
   166  ,  University Denis Diderot (Paris VII)  , France , 2013    
   166  ,  Tel Aviv University  , Israel , 2012    
   166  ,  VU University Amsterdam  , Netherlands , 2019    
   167  ,  Catholic University of Louvain  , Belgium , 2016    
   167  ,  Aarhus University  , Denmark , 2011    
   167  ,  Technical University of Denmark  , Denmark , 2016    
   167  ,  Eindhoven University of Technology  , Netherlands , 2019    
   167  ,  University of Leicester  , UK , 2019    
   167  ,  University of Leicester  , UK , 2016    
   168  ,  University of Würzburg  , Germany , 2011    
   168  ,  University of Leeds  , UK , 2011    
   168  ,  RWTH Aachen University  , Germany , 2012    
   169  ,  Catholic University of Louvain  , Belgium , 2012    
   169  ,  University Denis Diderot (Paris VII)  , France , 2012    
   169  ,  University of Liverpool  , UK , 2014    
   170  ,  University of Vienna  , Austria , 2014    
   170  ,  University of Antwerp  , Belgium , 2015    
   170  ,  University of Cologne  , Germany , 2017    
   170  ,  Ecole Normale Supérieure de Lyon  , France , 2013    
   170  ,  University of Groningen  , Netherlands , 2011    
   170  ,  University of Twente  , Netherlands , 2014    
   170  ,  Göteborg University  , Sweden , 2017    
   171  ,  Catholic University of Louvain  , Belgium , 2015    
   171  ,  University of Bonn  , Germany , 2013    
   171  ,  University of Liverpool  , UK , 2013    
   171  ,  Newcastle University - Newcastle-upon-Tyne  , UK , 2019    
   171  ,  University of Nottingham  , UK , 2015    
   172  ,  Catholic University of Louvain  , Belgium , 2014    
   172  ,  University of Frankfurt am Main  , Germany , 2011    
   172  ,  University of Aberdeen  , UK , 2016    
   172  ,  University of Leicester  , UK , 2017    
   173  ,  University of Bielefeld  , Germany , 2011    
   173  ,  University of Münster  , Germany , 2018    
   173  ,  KTH - Royal Institute of Technology  , Sweden , 2018    
   173  ,  Royal Holloway - University of London  , UK , 2017    
   174  ,  University of Barcelona  , Spain , 2016    
   174  ,  University of East Anglia  , UK , 2014    
   174  ,  University of East Anglia  , UK , 2011    
   174  ,  University of Nottingham  , UK , 2011    
   175  ,  Université Libre de Bruxelles  , Belgium , 2018    
   175  ,  University of Erlangen-Nürnberg  , Germany , 2019    
   175  ,  University of Konstanz  , Germany , 2016    
   175  ,  University Pompeu Fabra  , Spain , 2017    
   175  ,  Newcastle University - Newcastle-upon-Tyne  , UK , 2018    
   176  ,  Université Libre de Bruxelles  , Belgium , 2014    
   176  ,  University of Lausanne  , Switzerland , 2019    
   176  ,  Technical University of Denmark  , Denmark , 2017    
   176  ,  University College Dublin  , Ireland , 2016    
   176  ,  Eindhoven University of Technology  , Netherlands , 2016    
   176  ,  University of Aberdeen  , UK , 2013    
   176  ,  University of Dundee  , UK , 2012    
   176  ,  University of East Anglia  , UK , 2013    
   176  ,  University of Reading  , UK , 2013    
   177  ,  University of Copenhagen  , Denmark , 2011    
   177  ,  Eindhoven University of Technology  , Netherlands , 2017    
   177  ,  University of Liverpool  , UK , 2018    
   178  ,  Humboldt University of Berlin  , Germany , 2011    
   178  ,  University of Bonn  , Germany , 2011    
   178  ,  Technical University of Denmark  , Denmark , 2012    
   178  ,  University Denis Diderot (Paris VII)  , France , 2014    
   178  ,  University Joseph Fourier - Grenoble I  , France , 2015    
   178  ,  Hebrew University of Jerusalem  , Israel , 2016    
   178  ,  University of Luxembourg  , Luxembourg , 2017    
   178  ,  University of Aberdeen  , UK , 2015    
   179  ,  University Paris Sud (Paris XI)  , France , 2017    
   179  ,  University of Luxembourg  , Luxembourg , 2018    
   179  ,  University of Twente  , Netherlands , 2018    
   180  ,  University of Hamburg  , Germany , 2017    
   180  ,  University Denis Diderot (Paris VII)  , France , 2015    
   180  ,  University Joseph Fourier - Grenoble I  , France , 2013    
   180  ,  Sant’Anna School of Advanced Studies  , Italy , 2016    
   180  ,  University of Bologna  , Italy , 2019    
   180  ,  Göteborg University  , Sweden , 2016    
   180  ,  University of Dundee  , UK , 2017    
   180  ,  Newcastle University - Newcastle-upon-Tyne  , UK , 2013    
   181  ,  University of Frankfurt am Main  , Germany , 2012    
   181  ,  University of Bonn  , Germany , 2014    
   181  ,  University Paris Sud (Paris XI)  , France , 2018    
   181  ,  University of Oslo  , Norway , 2012    
   181  ,  University of Liverpool  , UK , 2019    
   181  ,  University of Liverpool  , UK , 2012    
   181  ,  Aalto University  , Finland , 2019    
   182  ,  University of Vienna  , Austria , 2015    
   182  ,  Ecole Normale Supérieure de Lyon  , France , 2018    
   182  ,  University of Bergen  , Norway , 2016    
   182  ,  Cardiff University  , UK , 2017    
   182  ,  Cardiff University  , UK , 2016    
   182  ,  RWTH Aachen University  , Germany , 2011    
   183  ,  Middle East Technical University  , Turkey , 2011    
   184  ,  University of Münster  , Germany , 2019    
   184  ,  Scuola Normale Superiore di Pisa  , Italy , 2018    
   184  ,  University of Twente  , Netherlands , 2019    
   184  ,  University of Exeter  , UK , 2011    
   185  ,  University of Würzburg  , Germany , 2016    
   185  ,  University of Twente  , Netherlands , 2011    
   185  ,  University of Oslo  , Norway , 2014    
   185  ,  University of Aberdeen  , UK , 2018    
   185  ,  University of Dundee  , UK , 2016    
   186  ,  University of Würzburg  , Germany , 2017    
   186  ,  University of Konstanz  , Germany , 2011    
   186  ,  University Pompeu Fabra  , Spain , 2012    
   186  ,  Hebrew University of Jerusalem  , Israel , 2017    
   186  ,  University of Oslo  , Norway , 2015    
   187  ,  University of Innsbruck  , Austria , 2011    
   187  ,  University of Tübingen  , Germany , 2012    
   187  ,  University College Dublin  , Ireland , 2013    
   187  ,  University of Twente  , Netherlands , 2013    
   187  ,  KTH - Royal Institute of Technology  , Sweden , 2019    
   187  ,  KTH - Royal Institute of Technology  , Sweden , 2012    
   187  ,  Cardiff University  , UK , 2019    
   187  ,  University of Dundee  , UK , 2018    
   187  ,  Karlsruhe Institute of Technology  , Germany , 2011    
   188  ,  University Paris Sud (Paris XI)  , France , 2016    
   188  ,  Tel Aviv University  , Israel , 2015    
   188  ,  Moscow State University  , Russia , 2017    
   188  ,  University of Aberdeen  , UK , 2017    
   188  ,  University of Aberdeen  , UK , 2014    
   188  ,  University of East Anglia  , UK , 2018    
   189  ,  University of Freiburg  , Germany , 2012    
   189  ,  University of Tübingen  , Germany , 2011    
   189  ,  University of Konstanz  , Germany , 2019    
   190  ,  University of Antwerp  , Belgium , 2016    
   190  ,  University of Duisburg-Essen  , Germany , 2019    
   190  ,  Sant’Anna School of Advanced Studies  , Italy , 2017    
   190  ,  University of East Anglia  , UK , 2019    
   190  ,  Newcastle University - Newcastle-upon-Tyne  , UK , 2017    
   190  ,  Aalto University  , Finland , 2018    
   191  ,  Hebrew University of Jerusalem  , Israel , 2014    
   191  ,  University of Bergen  , Norway , 2012    
   192  ,  University of Antwerp  , Belgium , 2013    
   192  ,  University of Ulm  , Germany , 2016    
   192  ,  University of Reading  , UK , 2017    
   193  ,  Mines ParisTech  , France , 2014    
   193  ,  Technion - Israel Institute of Technology  , Israel , 2013    
   193  ,  University of Luxembourg  , Luxembourg , 2016    
   193  ,  KTH - Royal Institute of Technology  , Sweden , 2011    
   194  ,  University of Konstanz  , Germany , 2017    
   194  ,  University of Konstanz  , Germany , 2012    
   194  ,  Aalborg University  , Denmark , 2019    
   194  ,  University Denis Diderot (Paris VII)  , France , 2019    
   194  ,  Moscow State University  , Russia , 2018    
   194  ,  University of Reading  , UK , 2014    
   195  ,  University of Vienna  , Austria , 2011    
   195  ,  University of Bonn  , Germany , 2015    
   195  ,  Tilburg University  , Netherlands , 2018    
   195  ,  Charité - University Medicine Berlin  , Germany , 2016    
   196  ,  University Paris-Sorbonne (Paris IV)  , France , 2018    
   196  ,  Moscow State University  , Russia , 2015    
   196  ,  St George’s - University of London  , UK , 2016    
   196  ,  St George’s - University of London  , UK , 2015    
   196  ,  University of Dundee  , UK , 2014    
   196  ,  University of Leicester  , UK , 2013    
   196  ,  Newcastle University - Newcastle-upon-Tyne  , UK , 2016    
   196  ,  Karlsruhe Institute of Technology  , Germany , 2012    
   197  ,  University of Duisburg-Essen  , Germany , 2017    
   197  ,  University of Maastricht  , Netherlands , 2012    
   197  ,  University of Bergen  , Norway , 2019    
   197  ,  University of Leicester  , UK , 2012    
   197  ,  Royal Holloway - University of London  , UK , 2018    
   198  ,  University of Trento  , Italy , 2016    
   198  ,  Tilburg University  , Netherlands , 2017    
   198  ,  Göteborg University  , Sweden , 2018    
   198  ,  University of East Anglia  , UK , 2015    
   198  ,  Newcastle University - Newcastle-upon-Tyne  , UK , 2014    
   199  ,  University of Frankfurt am Main  , Germany , 2013    
   199  ,  University Denis Diderot (Paris VII)  , France , 2016    
   199  ,  Tel Aviv University  , Israel , 2014    
   199  ,  Moscow State University  , Russia , 2019    
   199  ,  Swedish University of Agricultural Sciences  , Sweden , 2011    
   199  ,  Bogazici University  , Turkey , 2014    
   199  ,  University of Leicester  , UK , 2015    
   200  ,  University of Twente  , Netherlands , 2012    
   200  ,  Birkbeck - University of London  , UK , 2013    
   200  ,  Queen&rsquo;s University Belfast  , UK , 2016    
   201-225  ,  University of Innsbruck  , Austria , 2015    
   201-225  ,  University of Innsbruck  , Austria , 2014    
   201-225  ,  University of Innsbruck  , Austria , 2013    
   201-225  ,  University of Innsbruck  , Austria , 2012    
   201-225  ,  Université Libre de Bruxelles  , Belgium , 2015    
   201-225  ,  Université Libre de Bruxelles  , Belgium , 2012    
   201-225  ,  University of Würzburg  , Germany , 2012    
   201-225  ,  University of Tübingen  , Germany , 2014    
   201-225  ,  University of Tübingen  , Germany , 2013    
   201-225  ,  University of Erlangen-Nürnberg  , Germany , 2013    
   201-225  ,  University of Frankfurt am Main  , Germany , 2015    
   201-225  ,  University of Frankfurt am Main  , Germany , 2014    
   201-225  ,  University of Mainz  , Germany , 2013    
   201-225  ,  University of Konstanz  , Germany , 2013    
   201-225  ,  University of Ulm  , Germany , 2015    
   201-225  ,  University of Ulm  , Germany , 2014    
   201-225  ,  University of Ulm  , Germany , 2012    
   201-225  ,  Autonomous University of Barcelona  , Spain , 2013    
   201-225  ,  Autonomous University of Barcelona  , Spain , 2012    
   201-225  ,  University Pompeu Fabra  , Spain , 2013    
   201-225  ,  University of Barcelona  , Spain , 2015    
   201-225  ,  University of Barcelona  , Spain , 2013    
   201-225  ,  University of Barcelona  , Spain , 2012    
   201-225  ,  Hebrew University of Jerusalem  , Israel , 2015    
   201-225  ,  Technion - Israel Institute of Technology  , Israel , 2015    
   201-225  ,  Technion - Israel Institute of Technology  , Israel , 2014    
   201-225  ,  Technion - Israel Institute of Technology  , Israel , 2012    
   201-225  ,  University of Trento  , Italy , 2014    
   201-225  ,  University of Trieste  , Italy , 2015    
   201-225  ,  Tilburg University  , Netherlands , 2013    
   201-225  ,  University of Twente  , Netherlands , 2015    
   201-225  ,  University of Bergen  , Norway , 2015    
   201-225  ,  University of Bergen  , Norway , 2014    
   201-225  ,  University of Oslo  , Norway , 2013    
   201-225  ,  Moscow State University  , Russia , 2013    
   201-225  ,  Göteborg University  , Sweden , 2014    
   201-225  ,  Göteborg University  , Sweden , 2013    
   201-225  ,  Göteborg University  , Sweden , 2012    
   201-225  ,  Umea University  , Sweden , 2012    
   201-225  ,  Bilkent University  , Turkey , 2015    
   201-225  ,  Bilkent University  , Turkey , 2012    
   201-225  ,  Istanbul Technical University  , Turkey , 2014    
   201-225  ,  Middle East Technical University  , Turkey , 2014    
   201-225  ,  Middle East Technical University  , Turkey , 2013    
   201-225  ,  Birkbeck - University of London  , UK , 2014    
   201-225  ,  Cardiff University  , UK , 2015    
   201-225  ,  Cardiff University  , UK , 2014    
   201-225  ,  Cardiff University  , UK , 2013    
   201-225  ,  Cardiff University  , UK , 2012    
   201-225  ,  St George’s - University of London  , UK , 2014    
   201-225  ,  St George’s - University of London  , UK , 2013    
   201-225  ,  University of Dundee  , UK , 2015    
   201-225  ,  University of Dundee  , UK , 2013    
   201-225  ,  University of Essex  , UK , 2012    
   201-225  ,  Newcastle University - Newcastle-upon-Tyne  , UK , 2015    
   201-225  ,  University of Reading  , UK , 2015    
   201-225  ,  University of Strasbourg  , France , 2015    
   201-225  ,  University of Strasbourg  , France , 2014    
   201-225  ,  University of Strasbourg  , France , 2013    
   201-225  ,  University of Strasbourg  , France , 2012    
   201-250  ,  Medical University of Graz  , Austria , 2019    
   201-250  ,  Medical University of Vienna  , Austria , 2019    
   201-250  ,  Medical University of Vienna  , Austria , 2016    
   201-250  ,  University of Antwerp  , Belgium , 2019    
   201-250  ,  University of Antwerp  , Belgium , 2018    
   201-250  ,  University of Antwerp  , Belgium , 2017    
   201-250  ,  Université Libre de Bruxelles  , Belgium , 2019    
   201-250  ,  Université Libre de Bruxelles  , Belgium , 2017    
   201-250  ,  University of Fribourg  , Switzerland , 2019    
   201-250  ,  University of Fribourg  , Switzerland , 2018    
   201-250  ,  University of Fribourg  , Switzerland , 2016    
   201-250  ,  University of Kiel  , Germany , 2019    
   201-250  ,  University of Kiel  , Germany , 2018    
   201-250  ,  University of Kiel  , Germany , 2017    
   201-250  ,  University of Kiel  , Germany , 2016    
   201-250  ,  University of Duisburg-Essen  , Germany , 2018    
   201-250  ,  University of Duisburg-Essen  , Germany , 2016    
   201-250  ,  University of Frankfurt am Main  , Germany , 2017    
   201-250  ,  University of Frankfurt am Main  , Germany , 2016    
   201-250  ,  University of Mainz  , Germany , 2016    
   201-250  ,  University of Bochum  , Germany , 2018    
   201-250  ,  Technical University of Darmstadt  , Germany , 2018    
   201-250  ,  Technical University of Darmstadt  , Germany , 2017    
   201-250  ,  Technical University of Darmstadt  , Germany , 2016    
   201-250  ,  University of Bielefeld  , Germany , 2019    
   201-250  ,  University of Hamburg  , Germany , 2018    
   201-250  ,  University of Hohenheim  , Germany , 2019    
   201-250  ,  University of Konstanz  , Germany , 2018    
   201-250  ,  University of Passau  , Germany , 2019    
   201-250  ,  University of Passau  , Germany , 2018    
   201-250  ,  University of Potsdam  , Germany , 2019    
   201-250  ,  University of Potsdam  , Germany , 2018    
   201-250  ,  University of Stuttgart  , Germany , 2018    
   201-250  ,  University of Stuttgart  , Germany , 2017    
   201-250  ,  University of Stuttgart  , Germany , 2016    
   201-250  ,  Aalborg University  , Denmark , 2018    
   201-250  ,  Aalborg University  , Denmark , 2017    
   201-250  ,  Aalborg University  , Denmark , 2016    
   201-250  ,  Copenhagen Business School  , Denmark , 2019    
   201-250  ,  Copenhagen Business School  , Denmark , 2018    
   201-250  ,  Copenhagen Business School  , Denmark , 2016    
   201-250  ,  University of Barcelona  , Spain , 2019    
   201-250  ,  University of Barcelona  , Spain , 2018    
   201-250  ,  University of Barcelona  , Spain , 2017    
   201-250  ,  University of Oulu  , Finland , 2017    
   201-250  ,  University of Tampere  , Finland , 2019    
   201-250  ,  University of Tampere  , Finland , 2018    
   201-250  ,  Ecole Normale Supérieure de Lyon  , France , 2019    
   201-250  ,  Ecole Normale Supérieure de Lyon  , France , 2017    
   201-250  ,  Ecole Normale Supérieure de Lyon  , France , 2016    
   201-250  ,  University Denis Diderot (Paris VII)  , France , 2018    
   201-250  ,  University Denis Diderot (Paris VII)  , France , 2017    
   201-250  ,  University Joseph Fourier - Grenoble I  , France , 2016    
   201-250  ,  University Paris Sud (Paris XI)  , France , 2019    
   201-250  ,  University René Descartes (Paris V)  , France , 2017    
   201-250  ,  University René Descartes (Paris V)  , France , 2016    
   201-250  ,  National University of Ireland - Galway  , Ireland , 2018    
   201-250  ,  National University of Ireland - Galway  , Ireland , 2017    
   201-250  ,  Royal College of Surgeons  , Ireland , 2019    
   201-250  ,  Royal College of Surgeons  , Ireland , 2018    
   201-250  ,  Royal College of Surgeons  , Ireland , 2017    
   201-250  ,  University College Dublin  , Ireland , 2019    
   201-250  ,  University College Dublin  , Ireland , 2018    
   201-250  ,  University College Dublin  , Ireland , 2017    
   201-250  ,  Hebrew University of Jerusalem  , Israel , 2019    
   201-250  ,  Hebrew University of Jerusalem  , Israel , 2018    
   201-250  ,  Tel Aviv University  , Israel , 2019    
   201-250  ,  Tel Aviv University  , Israel , 2018    
   201-250  ,  Tel Aviv University  , Israel , 2017    
   201-250  ,  Tel Aviv University  , Israel , 2016    
   201-250  ,  University of Iceland  , Iceland , 2018    
   201-250  ,  University of Iceland  , Iceland , 2017    
   201-250  ,  Polytechnic University of Milan  , Italy , 2017    
   201-250  ,  Polytechnic University of Milan  , Italy , 2016    
   201-250  ,  University of Bologna  , Italy , 2018    
   201-250  ,  University of Bologna  , Italy , 2017    
   201-250  ,  University of Bologna  , Italy , 2016    
   201-250  ,  University of Padua  , Italy , 2019    
   201-250  ,  University of Rome - La Sapienza  , Italy , 2016    
   201-250  ,  University of Trento  , Italy , 2017    
   201-250  ,  University of Luxembourg  , Luxembourg , 2019    
   201-250  ,  Tilburg University  , Netherlands , 2019    
   201-250  ,  Tilburg University  , Netherlands , 2016    
   201-250  ,  University of Bergen  , Norway , 2018    
   201-250  ,  University of Bergen  , Norway , 2017    
   201-250  ,  Chalmers University of Technology  , Sweden , 2019    
   201-250  ,  Chalmers University of Technology  , Sweden , 2018    
   201-250  ,  Chalmers University of Technology  , Sweden , 2016    
   201-250  ,  Göteborg University  , Sweden , 2019    
   201-250  ,  Swedish University of Agricultural Sciences  , Sweden , 2016    
   201-250  ,  Birkbeck - University of London  , UK , 2017    
   201-250  ,  Birkbeck - University of London  , UK , 2016    
   201-250  ,  St George’s - University of London  , UK , 2018    
   201-250  ,  St George’s - University of London  , UK , 2017    
   201-250  ,  Queen&rsquo;s University Belfast  , UK , 2019    
   201-250  ,  Queen&rsquo;s University Belfast  , UK , 2018    